<?xml version="1.0" encoding="UTF-8"?>
<beans xmlns="http://www.springframework.org/schema/beans"
	xmlns:xsi="http://www.w3.org/2001/XMLSchema-instance"
	xmlns:context="http://www.springframework.org/schema/context"
	xmlns:mvc="http://www.springframework.org/schema/mvc"
	xsi:schemaLocation="http://www.springframework.org/schema/mvc http://www.springframework.org/schema/mvc/spring-mvc-3.2.xsd
		http://www.springframework.org/schema/beans http://www.springframework.org/schema/beans/spring-beans.xsd
		http://www.springframework.org/schema/context http://www.springframework.org/schema/context/spring-context-3.2.xsd">


	<context:component-scan base-package="com.cisco.nmtg.radius"></context:component-scan>
	<mvc:annotation-driven></mvc:annotation-driven>
	<bean id="jspViewResolver"
		class="org.springframework.web.servlet.view.InternalResourceViewResolver">
	<property name="prefix" value="/WEB-INF/jsps/"></property>
	<property name="suffix" value=".jsp"></property>
	</bean>

	<bean id="radiusServer" class="org.jasig.cas.adaptors.radius.JRadiusServerImpl">
		<constructor-arg value="PAP" index="0"></constructor-arg>
		<constructor-arg ref="clientFactory" index="1"></constructor-arg>
	</bean>

	<bean id="clientFactory" class="org.jasig.cas.adaptors.radius.RadiusClientFactory">
		<property name="authenticationPort" value="1812" />
		<property name="accountingPort" value="1813" />		
		<property name="socketTimeout" value="60" />
		<property name="inetAddress" value="10.xx.yy.zz" />
		<property name="sharedSecret" value="shadab123" />
	</bean>
</beans>
